gene,Mann.Whitney.p.value_rep1,average.phenotype.of.strongest.3_rep1,sgRNA.count_MW_rep1,sgRNA.count_avg_rep1,Mann.Whitney.p.value_rep2,average.phenotype.of.strongest.3_rep2,sgRNA.count_MW_rep2,sgRNA.count_avg_rep2,Mann.Whitney.p.value,average.phenotype.of.strongest.3,sgRNA.count_MW,sgRNA.count_avg,type,candidate,candi,random
MTX3,0.710412733,0.218591322,5,5,0.092609123,-0.550740825,5,5,0.365185985,-0.119001049,5,5,MTX3,12.6049309,0,1307.323078
RFXANK,0.576984582,0.144428458,5,5,0.75043676,-0.055851014,5,5,0.948140118,0.095520412,5,5,RFXANK,15.70344986,0,3048.722612
ZNF781,0.343966737,-0.202414626,5,5,0.624654857,-0.057904306,5,5,0.397330793,-0.094980676,5,5,ZNF781,15.79268608,0,14620.94109
ZEB2,0.042062771,-0.342050885,5,5,0.000837523,0.925986299,5,5,0.004536582,0.748136501,5,5,ZEB2,2.004981709,1,7168.822301
MYO1H,0.328525625,0.30689354,5,5,0.342541666,0.239722001,5,5,0.199157023,0.284415192,5,5,MYO1H,5.273979879,0,7466.718241
SPATA2,0.284374133,0.118196786,5,5,0.200908398,0.288177054,5,5,0.154150478,0.264748586,5,5,SPATA2,5.66575264,0,12165.02215
NDUFS6,0.240521523,-0.528608859,5,5,0.447056608,0.062472116,5,5,0.581226097,0.035727364,5,5,NDUFS6,41.98462557,0,9050.71375
TMCO1,0.254985981,-0.234857369,5,5,0.526335783,-0.188140625,5,5,0.296067142,-0.39816534,5,5,TMCO1,3.767279191,0,18640.07831
FIP1L1,0.401937776,0.316404595,5,5,0.035021053,0.42652041,5,5,0.090816475,0.475656332,5,5,FIP1L1,3.153537332,0,13347.81253
MTRF1,0.733109997,-0.083576678,5,5,0.784726102,0.08786902,5,5,0.676469224,-0.061048663,5,5,MTRF1,24.57056267,0,16023.74646
TLN2,0.012457234,0.820834754,5,5,0.096919956,0.568691433,5,5,0.010688872,0.648360356,5,5,TLN2,2.31352825,0,19996.48184
CCDC97,0.870230518,1.018728088,4,4,0.481205447,0.281904461,4,4,0.789569817,0.726370559,4,4,CCDC97,2.065061671,0,8131.784931
OR52I1,0.119724386,0.383813322,5,5,0.458167038,-0.325815148,5,5,0.903854743,0.052754574,5,5,OR52I1,28.43355346,0,15922.50077
CAP1,0.320668506,0.189677499,5,5,0.797332691,-0.062395586,5,5,0.813685899,0.183597645,5,5,CAP1,8.170039436,0,13368.98156
FGF10,0.617582932,0.175470113,5,5,0.408685068,0.299640544,5,5,0.473798214,0.23690312,5,5,FGF10,6.331702174,0,3299.539235
OR52J3,0.233840765,-0.429847,5,5,0.851546515,-0.218921092,5,5,0.253434938,-0.383098899,5,5,OR52J3,3.915438034,0,16028.55616
NR2C2,0.914511979,0.23010056,5,5,0.306701785,0.234317596,5,5,0.421791075,0.165922143,5,5,NR2C2,9.040384682,0,5101.036041
TOB1,0.144280753,0.350488163,3,3,0.872112494,0.030352852,3,3,0.205235206,0.190420507,3,3,TOB1,7.877302837,0,19144.44314
SNAPC1,0.382146262,-0.237996552,5,5,0.575072003,-0.038731435,5,5,0.419354669,-0.142688056,5,5,SNAPC1,10.51244261,0,9303.479327
TMEM91,0.370338576,-0.164643604,5,5,0.072907669,-0.353031851,5,5,0.095760193,-0.287521435,5,5,TMEM91,5.217002343,0,8160.706194
UNC93B1,0.56354729,-0.098922495,5,5,0.214375837,0.186487788,5,5,0.592272913,0.077226411,5,5,UNC93B1,19.42340684,0,12012.14855
C11orf85,0.041052238,-0.314377777,5,5,0.032151434,-0.748374669,5,5,0.012919626,-0.810235184,5,5,C11orf85,1.851314322,1,19688.9572
KRBA1,0.790843383,0.113543624,5,5,0.868687482,-0.028761909,5,5,0.76685385,-0.001991882,5,5,KRBA1,753.056657,0,15005.18841
ANAPC16,0.246991742,0.540664411,5,5,0.148302732,-0.376211956,5,5,0.907200991,0.040814225,5,5,ANAPC16,36.75189226,0,9178.898164
C3orf55,0.659115677,-0.101132955,4,4,0.700736013,-0.056756667,4,4,0.870553415,-0.141014455,4,4,C3orf55,10.63720737,0,5873.173978
FAM217B,0.297472791,0.533424398,4,4,0.175193576,0.276201828,4,4,0.13866782,0.375037812,4,4,FAM217B,3.999596713,0,19189.10577
CDK9,0.355901503,0.208362547,5,5,0.43387936,-0.162446568,5,5,0.898504322,0.011763752,5,5,CDK9,127.5103385,0,13377.63783
ARSE,0.662740736,-0.278881633,5,5,0.644088957,0.694264283,5,5,0.732270409,0.197885787,5,5,ARSE,7.580130047,0,1351.07284
CHKA,0.485979821,0.189703079,5,5,0.785371253,-0.169960932,5,5,0.958905413,0.044383565,5,5,CHKA,33.79629374,0,750.4428158
PHB,0.000384469,1.452257645,5,5,0.018983739,1.29045247,4,4,0.000818406,1.333896442,4,4,PHB,1.124525078,1,2973.644173
ZNF846,0.001996086,-0.6492425,5,5,0.28955754,-0.221888676,5,5,0.0071911,-0.435565588,5,5,ZNF846,3.443798228,0,11146.74093
IFITM5,0.121132443,-0.330693055,5,5,0.285752915,0.712389523,5,5,0.734178248,0.082797421,5,5,IFITM5,18.11650631,0,816.0406175
NLRP6,0.310314605,0.049148391,4,4,0.328228344,0.283503953,5,5,0.604023093,0.143408918,4,4,NLRP6,10.45960057,0,12648.80262
SMOC1,0.818532749,-0.142257623,5,5,0.730155657,-0.297267545,5,5,0.854561264,-0.219762584,5,5,SMOC1,6.825547701,0,12830.11314
LARP7,0.75508304,-0.042803601,5,5,0.813572211,-0.13220118,5,5,0.811719927,-0.046576157,5,5,LARP7,32.20531913,0,10330.42424
DCP2,0.185651841,0.327624481,5,5,0.439321708,-0.366732523,5,5,0.945450195,0.004263927,5,5,DCP2,351.7883866,0,14838.51809
EML3,0.18790015,-0.486645425,5,5,0.070396119,0.579283757,5,5,0.834726938,0.037132454,5,5,EML3,40.39592966,0,6821.728154
SARDH,0.340408292,-0.089061328,4,4,0.072963766,0.346418449,4,4,0.669042006,0.108812052,4,4,SARDH,13.78523769,0,3818.268268
C8A,0.74136515,0.054254521,5,5,0.05776577,0.596237344,5,5,0.142535541,0.379070197,5,5,C8A,3.957050731,0,18194.49889
CRELD1,0.950447463,0.009148435,4,4,0.20464791,-0.119711705,4,4,0.315517519,-0.126259445,4,4,CRELD1,11.88029933,0,19085.08538
HSF2,0.154886451,-0.545867232,5,5,0.004006144,-0.772000307,5,5,0.014099321,-0.65893377,5,5,HSF2,2.276404805,0,5633.78146
PCDH7,0.020068928,0.806066252,5,5,0.688930524,0.294102212,5,5,0.092768754,0.606290621,5,5,PCDH7,2.474061033,0,5190.709317
DDAH1,0.677772673,0.138404251,5,5,0.529078523,0.079978895,5,5,0.45932144,0.059847896,5,5,DDAH1,25.06353774,0,7271.296191
FAM98C,0.463863313,-0.235171182,5,5,0.177593018,-0.198995976,5,5,0.232644991,-0.294061266,5,5,FAM98C,5.100977835,0,1164.791094
APLN,0.379401139,-0.19567075,5,5,0.790860943,0.238061651,5,5,0.633778322,-0.083343998,5,5,APLN,17.99769673,0,11899.64966
EFR3B,0.778609697,-0.07178162,3,3,0.651245255,0.079025568,3,3,0.792583678,0.003621974,3,3,EFR3B,414.1388094,0,5984.810249
STH,0.020409027,-0.517784184,5,5,0.618726453,-0.021358378,5,5,0.078344662,-0.318513723,5,5,STH,4.709373228,0,3028.917746
ZPBP,0.895835517,-0.057646728,5,5,0.112141889,-0.453494808,5,5,0.276601922,-0.325743475,5,5,ZPBP,4.604850489,0,9417.870486
LY6G6F,0.534361305,0.339814872,5,5,0.416102274,0.415559629,5,5,0.492774082,0.377687251,5,5,LY6G6F,3.971539934,0,617.7811045
SNRPA,0.553076233,-0.120359185,5,5,0.043996673,0.608455672,5,5,0.255547626,0.338424983,5,5,SNRPA,4.432296891,0,4021.914859
NAA15,0.011349278,0.637132986,5,5,0.356809769,0.215927109,5,5,0.009887479,0.415594601,5,5,NAA15,3.609286541,0,19990.39906
RABGAP1L,0.748373649,-0.029936837,5,5,0.018218899,-0.637544715,5,5,0.096774329,-0.413078798,5,5,RABGAP1L,3.631268434,0,1034.894472
FCN1,0.17245353,-0.297649174,4,4,0.134772532,0.343515941,4,4,0.998869394,0.022933383,4,4,FCN1,65.40683509,0,14070.98744
TBC1D30,0.864673865,-0.177413652,4,4,0.571758903,0.030378931,4,4,0.729176221,-0.078682624,4,4,TBC1D30,19.06392954,0,19069.18796
OFCC1,0.448091396,-0.18403945,5,5,0.630011283,-0.818510036,5,5,0.282991004,-0.439551244,5,5,OFCC1,3.412571391,0,14953.52912
MECR,0.39161708,0.292785605,5,5,0.105389059,0.400092648,5,5,0.10519986,0.362363974,5,5,MECR,4.139484352,0,7822.602545
UIMC1,0.033931667,0.376223025,5,5,0.225095717,0.245082885,5,5,0.064937506,0.442413824,5,5,UIMC1,3.3904908,0,7001.349546
IL13,0.216619228,0.466727029,5,5,0.34941338,-0.029864361,5,5,0.674616858,-0.162212588,5,5,IL13,9.24712452,0,3744.804943
MRPL15,0.26767495,-0.343788206,5,5,0.495059388,0.429861077,5,5,0.773958502,0.117566419,5,5,MRPL15,12.75874534,0,4766.156857
LHFPL1,0.081140214,0.305005776,5,5,0.024612877,0.426543663,5,5,0.011164597,0.33699978,5,5,LHFPL1,4.451041481,0,9862.608929
TBX22,0.45289208,0.097801527,5,5,0.553524052,0.168712244,5,5,0.80910048,0.110267507,5,5,TBX22,13.60328206,0,4635.595826
ACYP1,0.52993982,-0.009579261,5,5,0.912458926,-0.003194874,5,5,0.592856984,0.009137561,5,5,ACYP1,164.1575908,0,5455.797289
RPL27,0.185931787,0.695296245,5,5,0.292240986,0.444249663,5,5,0.256962867,0.639428184,5,5,RPL27,2.345845925,0,17078.31437
SNAI2,0.389294093,0.027681783,5,5,0.842345195,0.024698346,5,5,0.475364037,0.022270592,5,5,SNAI2,67.3533959,0,10323.46568
SNTN,0.583614846,-0.681176947,5,5,0.330725629,-0.502997386,5,5,0.425215952,-0.515415554,5,5,SNTN,2.910273057,0,12821.61006
TCEANC,0.495782254,-0.11449511,5,5,0.535690639,0.296831846,5,5,0.953521705,0.041949199,5,5,TCEANC,35.75753616,0,5983.76468
TBC1D16,0.051330886,0.656337436,5,5,0.434619196,-0.099969304,5,5,0.450654274,0.481625288,5,5,TBC1D16,3.114454405,0,11592.68824
ZXDC,0.484663253,-0.052563992,5,5,0.499580057,-0.100180183,5,5,0.396389328,-0.121691177,5,5,ZXDC,12.32628393,0,5921.006055
GALNT8,0.059982009,-0.7870653,5,5,0.293203395,-0.310754598,5,5,0.036863307,-0.459014552,5,5,GALNT8,3.267870253,0,6875.794959
SULT4A1,0.706654069,0.016332409,5,5,0.048927332,0.864637792,5,5,0.08363688,0.257755422,5,5,SULT4A1,5.819470211,0,1762.949695
BUB3,0.82573795,0.124690078,5,5,0.371222127,0.232823608,5,5,0.573723728,0.178756843,5,5,BUB3,8.391287152,0,5659.394281
DAK,0.58679834,0.238958448,5,5,0.828583864,0.052347985,5,5,0.853898563,0.082874706,5,5,DAK,18.09961172,0,5544.192453
TPRA1,0.134175699,-0.085532711,5,5,0.943800247,-0.092838691,5,5,0.300777305,-0.129900687,5,5,TPRA1,11.54728304,0,19989.75486
CTSL,0.029679093,-0.89697391,5,5,0.052092397,0.844750191,5,5,0.448122843,-0.066283812,5,5,CTSL,22.62995979,0,18184.45045
PYY,0.793438803,-0.057579062,5,5,0.575072003,-0.161932247,5,5,0.487462493,-0.030464111,5,5,PYY,49.23826597,0,13483.7034
UTP11L,0.005685325,1.689895378,5,5,0.092853568,0.988677638,5,5,0.002024837,1.245762897,5,5,UTP11L,1.204081454,1,8836.841139
NCR3LG1,0.717321423,-0.155725787,4,4,0.620879589,0.215038597,4,4,0.984549345,0.013648624,4,4,NCR3LG1,109.9011886,0,18140.59169
PCNX,0.062665011,-0.353067693,5,5,0.217646354,0.613809571,5,5,0.926639859,-0.085598098,5,5,PCNX,17.52375386,0,1413.445532
OR5B3,0.700405531,0.153685671,5,5,0.48660953,0.321310144,5,5,0.995956138,0.210165306,5,5,OR5B3,7.137238912,0,18047.192
NR2C1,0.125642209,0.392999235,5,5,0.060818541,0.441406405,5,5,0.019074789,0.31961133,5,5,NR2C1,4.693200332,0,481.5748719
KRTAP20-3,0.612453146,-0.027829691,4,4,0.884708868,0.088770048,4,4,0.962703582,0.017692404,4,4,KRTAP20-3,84.78214719,0,3166.095791
OR14C36,0.872572064,-0.129304607,5,5,0.643788076,0.108970413,5,5,0.859203014,0.048037884,5,5,OR14C36,31.22535539,0,6389.079338
OR2H2,0.448463482,-0.232626098,4,4,0.892494862,0.079812286,4,4,0.602376875,-0.068233234,4,4,OR2H2,21.98342233,0,1811.251075
PTK6,0.315973038,0.265087775,5,5,0.497715955,-0.105340668,5,5,0.840006367,0.055296115,5,5,PTK6,27.1266797,0,2756.928026
CRYGB,0.754123411,-0.184576235,5,5,0.08198575,0.493409196,5,5,0.324243618,0.105773122,5,5,CRYGB,14.18129645,0,13054.21744
HORMAD1,0.957947847,0.030576243,4,4,0.753212094,-0.071766098,4,4,0.896651776,-0.020594928,4,4,HORMAD1,72.83346657,0,3276.749772
TMEM179,0.098209183,-0.475752639,5,5,0.091798037,-0.196448544,5,5,0.054642023,-0.314416003,5,5,TMEM179,4.770749535,0,2460.428209
FAM71E2,0.109651911,-0.260819084,4,4,0.046009079,-0.348152099,4,4,0.031512429,-0.290957082,4,4,FAM71E2,5.155399517,0,1851.948693
CHPT1,0.319643893,0.213050279,5,5,0.412264163,0.18086002,5,5,0.277722204,0.196955149,5,5,CHPT1,7.615947121,0,19137.59509
CYP24A1,0.874893792,0.064234736,5,5,0.785048659,-0.397364012,5,5,0.680799016,-0.212607854,5,5,CYP24A1,7.055242653,0,16506.48212
NDFIP1,0.290541884,-0.296529062,4,4,0.580083942,-0.039383604,4,4,0.622930924,-0.271219372,4,4,NDFIP1,5.530578398,0,12095.81359
TMEM252,0.167038704,-0.793898386,4,4,0.115833885,-0.939661542,4,4,0.155792149,-0.873591676,4,4,TMEM252,1.717049328,0,16827.917
HOXC10,0.454414097,-0.068201025,5,5,0.262562238,-0.193358161,5,5,0.245792605,-0.256987855,5,5,HOXC10,5.836851706,0,5448.510109
NQO2,0.731209297,0.141237733,5,5,0.676611699,-0.041091132,5,5,0.819590813,0.15643074,5,5,NQO2,9.588908165,0,14219.77293
ACER1,0.013000154,-0.864342409,5,5,0.292433297,-0.688882094,5,5,0.070920402,-0.765256955,5,5,ACER1,1.960125929,0,3043.708025
AKR1C3,0.438826159,0.194004668,5,5,0.705068709,0.10606452,5,5,0.904523858,0.090726864,5,5,AKR1C3,16.53314061,0,15675.58677
LGALS13,0.017145506,-0.613817759,5,5,0.79344794,0.063558954,5,5,0.064204613,-0.271191144,5,5,LGALS13,5.53115407,0,12881.25262
KRTAP10-7,0.187901591,-0.365615977,4,4,0.519238809,0.361217228,5,5,0.208453936,-0.132102214,4,4,KRTAP10-7,11.35484376,0,6773.354219
SDC3,0.021316911,-0.539790745,5,5,0.166398262,-0.78453199,5,5,0.049340591,-0.662161367,5,5,SDC3,2.265308843,0,14342.80755
MPHOSPH6,0.203304591,0.885660627,5,5,0.025984417,1.423638161,5,5,0.043943453,1.221148688,5,5,MPHOSPH6,1.228351645,1,15286.31925
CRYGD,0.439324151,-0.099257635,5,5,0.080303169,-0.551777125,5,5,0.204830994,-0.32551738,5,5,CRYGD,4.608048885,0,547.0804863
SGK223,0.739139621,0.165386524,5,5,0.509763807,-0.040478684,5,5,0.919260702,0.0705204,5,5,SGK223,21.27044089,0,7837.699597
AP2S1,0.616101062,-0.218775538,5,5,0.602844055,-0.266446439,5,5,0.597539023,-0.253948726,5,5,AP2S1,5.906704175,0,10525.71292
GPR55,0.473161226,0.367244115,5,5,0.498514402,0.070409686,5,5,0.16672993,0.128662742,5,5,GPR55,11.6583867,0,19162.96505
NAT9,0.218976877,0.301764351,5,5,0.028467873,-1.005522051,5,5,0.171707326,-0.266520069,5,5,NAT9,5.628093995,0,6539.520738
AFMID,0.62606538,-0.069619104,4,4,0.467371435,1.118184379,5,5,0.156896175,-0.244551328,4,4,AFMID,6.133681678,0,13137.3248
SLC25A4,0.236830651,-0.213266289,5,5,0.801546842,0.047256044,5,5,0.436582844,-0.095879732,5,5,SLC25A4,15.64459942,0,19150.44753
C12orf65,0.289710239,0.006370417,5,5,0.070526513,0.635526277,5,5,0.049732469,0.338583571,5,5,C12orf65,4.430220863,0,4300.152444
HIF1A,0.808079917,0.088353902,5,5,0.710061535,0.165746657,5,5,0.915238595,0.245062954,5,5,HIF1A,6.120876189,0,14791.67331
CHAC1,0.815589542,-0.189490055,5,5,0.111008973,0.384827318,5,5,0.422279351,0.106012444,5,5,CHAC1,14.14928232,0,19282.64514
EXOSC9,0.414102385,0.137001494,5,5,0.820417217,0.056242315,5,5,0.562272057,0.087372719,5,5,EXOSC9,17.16783016,0,15259.65418
CELF3,0.013046432,-0.601157699,4,4,0.030843721,-0.47244144,4,4,0.007025865,-0.514605681,4,4,CELF3,2.914853169,0,13348.07287
IGFBP4,0.210574967,0.13525091,5,5,0.624357854,0.151013897,5,5,0.275113012,0.116763245,5,5,IGFBP4,12.84650833,0,11479.24255
DTNB,0.699781783,0.038617751,5,5,0.918451438,0.191936683,5,5,0.734178248,0.108727371,5,5,DTNB,13.79597415,0,8812.859309
CCP110,0.622930525,-0.030270284,5,5,0.163716035,0.454105563,5,5,0.611092556,0.163185682,5,5,CCP110,9.191982909,0,4318.816587
PEBP1,0.328734063,-0.174811623,5,5,0.327398642,0.322880706,5,5,0.969004725,0.026367949,5,5,PEBP1,56.88724595,0,11597.14449
UBE2U,0.731209298,0.487268196,5,5,0.458675711,0.004886761,5,5,0.84132736,0.102048937,5,5,UBE2U,14.69883023,0,12743.33444
FGD1,0.778547245,0.033782361,5,5,0.424327951,-0.167412161,5,5,0.696972414,0.007870478,5,5,FGD1,190.585629,0,3607.976005
KCNS2,0.41747941,-0.301496115,5,5,0.62020625,0.18482268,5,5,0.790175148,-0.049526369,5,5,KCNS2,30.28689626,0,18459.51287
EEF1E1,0.696666086,-0.043011816,5,5,0.414900578,0.21488389,5,5,0.664771076,0.108412582,5,5,EEF1E1,13.83603243,0,10417.49619
NDUFA10,0.287033815,0.450043604,5,5,0.340412097,-0.190029574,5,5,0.329662641,0.058719888,5,5,NDUFA10,25.54500785,0,842.9100022
KIFC2,0.16720949,-0.300750273,5,5,0.086664173,0.253441257,5,5,0.453702651,0.012827677,5,5,KIFC2,116.9346562,0,17203.88899
RASSF8,0.132001422,0.336908599,5,5,0.690785582,0.021181035,5,5,0.449640731,0.118727786,5,5,RASSF8,12.63394232,0,12296.84457
SDC2,0.568961199,0.209841514,5,5,0.47980184,0.338307925,5,5,0.859203014,0.257770749,5,5,SDC2,5.819124186,0,6872.641624
ABHD10,0.082842563,-0.470332379,5,5,0.552962385,-0.241514092,5,5,0.143689032,-0.395800665,5,5,ABHD10,3.789786457,0,16008.79598
EID1,0.129003423,0.346383912,5,5,0.279176445,0.372705535,5,5,0.121537883,0.53660085,5,5,EID1,2.79537388,0,6905.739803
CCDC9,0.840850199,-0.09046364,5,5,0.817481935,-0.002610701,5,5,0.708251156,-0.003700627,5,5,CCDC9,405.3367173,0,12009.35589
C6,0.232026836,-0.137303531,5,5,0.170287145,0.381670464,5,5,0.79799201,0.054169858,5,5,C6,27.69067624,0,1622.172535
PI15,0.810037276,0.178573778,5,5,0.08309841,-0.444227364,5,5,0.384273207,-0.125866892,5,5,PI15,11.91735155,0,15799.71634
XKR4,0.514065028,0.113800089,4,4,0.670790186,-0.417617252,5,5,0.59712261,0.14823154,4,4,XKR4,10.11930389,0,12743.63807
ARPC1A,0.375759865,-0.272263167,5,5,0.414660517,-0.042850236,5,5,0.228049289,-0.150047344,5,5,ARPC1A,9.996844729,0,9923.544213
DYRK3,0.982535055,0.078305198,5,5,0.71068652,0.212420577,5,5,0.690112486,0.077101371,5,5,DYRK3,19.45490697,0,4951.687689
STX19,0.948979364,-0.003253668,5,5,0.733312581,0.002107627,5,5,0.797339819,0.039045749,5,5,STX19,38.41647397,0,18835.95216
RAB10,0.102209887,0.333987309,5,5,0.330725629,-0.240367248,5,5,0.796035861,0.065992801,5,5,RAB10,22.72975199,0,15727.36244
DNAJB8,0.461811016,0.121369823,5,5,0.191042549,0.277377872,5,5,0.222556213,0.27128274,5,5,DNAJB8,5.52928653,0,18665.27998
CD33,0.665797713,0.060327989,5,5,0.26977915,-0.170517415,5,5,0.539705509,-0.100588103,5,5,CD33,14.91230031,0,11086.06286
LINGO3,0.511358189,-0.106168586,5,5,0.259890584,0.372519846,5,5,0.851911082,0.191788203,5,5,LINGO3,7.821127559,0,16245.50709
TRMT61B,0.679313893,-0.178012919,5,5,0.432155911,0.121598456,5,5,0.677087115,0.001413332,5,5,TRMT61B,1061.321756,0,14644.63168
CCZ1,0.01633901,0.477709286,5,5,0.953155025,-0.019338073,5,5,0.183381277,0.349621361,5,5,CCZ1,4.290355703,0,10295.39451
AXDND1,0.889844103,-0.241614443,5,5,0.770017965,-0.096719626,4,4,0.907124145,0.055876914,4,4,AXDND1,26.84471802,0,11791.68373
NGFRAP1,0.123576356,-0.441504157,5,5,0.142617411,0.395059364,5,5,0.898504322,-0.008176601,5,5,NGFRAP1,183.4503114,0,18809.63338
SERPINA5,0.031928902,0.517380993,5,5,0.528803922,-0.099961964,5,5,0.232975752,0.234116758,5,5,SERPINA5,6.407059507,0,4372.043807
MTCH1,0.542143451,-0.133400214,5,5,0.394787818,-0.22904743,5,5,0.45116153,-0.219112412,5,5,MTCH1,6.845801141,0,6540.419032
TUSC2,0.125954375,-0.349422491,5,5,0.176919356,-0.463747628,5,5,0.08439429,-0.40658506,5,5,TUSC2,3.689264923,0,10064.1089
MTRNR2L3,0.347196049,0.52276367,5,5,0.933785898,0.384322276,5,5,0.591689107,0.337526176,5,5,MTRNR2L3,4.444099767,0,4347.216172
SYNGR1,0.691691616,0.17610594,5,5,0.860438412,0.009964103,5,5,0.590522287,0.035332444,5,5,SYNGR1,42.45389875,0,6122.262363
CYB5R2,0.153668836,-0.404751932,5,5,0.618430679,0.152909724,5,5,0.500799271,-0.183348257,5,5,CYB5R2,8.181152221,0,2377.486813
ARMC7,0.007144262,0.727471982,5,5,0.068591287,0.519204892,5,5,0.013674423,0.725145292,5,5,ARMC7,2.068550974,0,12420.66093
SPATA5,0.25393317,0.257745478,5,5,0.012836244,0.558901346,5,5,0.038023241,0.481868426,5,5,SPATA5,3.112882935,0,12988.54764
H3F3B,0.892890803,0.033836111,4,4,0.233841109,0.38861433,4,4,0.238983577,0.204181513,4,4,H3F3B,7.346404569,0,6242.033892
BTN3A1,0.079250128,-0.36645707,5,5,0.559156044,0.191402339,5,5,0.546427613,-0.124525675,5,5,BTN3A1,12.04570865,0,10023.44403
PGAM2,0.59057099,0.078355414,5,5,0.436843069,0.143150721,5,5,0.460860574,0.202021356,5,5,PGAM2,7.424957587,0,18252.26272
NBAS,0.837888651,-0.095300083,5,5,0.793771475,-0.099489195,5,5,0.953521705,-0.132148014,5,5,NBAS,11.35090838,0,9138.417396
COQ5,0.512983951,0.006450549,5,5,0.233054134,0.353756831,5,5,0.29763168,0.246012714,5,5,COQ5,6.097245852,0,19525.17157
LOC100288524,0.04776711,0.834486037,5,5,0.666966535,0.527096742,4,4,0.083432549,0.532116309,4,4,LOC100288524,2.81893258,0,15264.32577
ANKUB1,0.53353086,-0.315235681,5,5,0.139220082,0.357354883,5,5,0.750139741,0.06387352,5,5,ANKUB1,23.48391008,0,13729.37987
ZP4,0.739457431,0.435937116,5,5,0.098669254,-0.385784734,4,4,0.13866782,-0.219630907,4,4,ZP4,6.829639874,0,1324.765852
LMAN1L,0.127209182,0.503954844,5,5,0.582533662,-0.008415176,5,5,0.213094867,0.280682749,5,5,LMAN1L,5.344111832,0,16315.56515
RFX8,0.38721059,-0.177967686,5,5,0.448060272,-0.178380634,5,5,0.23530042,-0.219894635,5,5,RFX8,6.821448827,0,82.42728155
PLA2G4F,0.393714944,-0.17106551,5,5,0.058432921,-0.745684548,5,5,0.349305609,-0.384215513,5,5,PLA2G4F,3.904058918,0,14349.51819
POPDC3,0.541864546,0.090065615,5,5,0.599339705,-0.155287091,5,5,0.666612824,0.138147944,5,5,POPDC3,10.85792489,0,19793.94413
DPY30,0.211314393,-0.334028097,4,4,0.579762699,0.166053926,4,4,0.710799187,-0.162740918,4,4,DPY30,9.217104207,0,9645.07045
C12orf77,0.482332268,-0.170082109,3,3,0.034373066,-0.5799471,5,5,0.339167873,-0.156963699,3,3,C12orf77,9.556349714,0,15013.08244
LCE1D,0.494717488,0.13368422,5,5,0.29070555,-0.2275525,5,5,0.546989656,-0.068896254,5,5,LCE1D,21.77186585,0,7603.875005
FAM107B,0.356870434,0.33117055,4,4,0.14561742,0.385556857,4,4,0.186178533,0.482472979,5,5,FAM107B,3.1089824,0,9552.501495
TRAM1,0.77919306,-0.017365995,5,5,0.636584519,0.103591885,5,5,0.948140118,0.070432372,5,5,TRAM1,21.29702518,0,15441.60266
IPO9,0.494231831,0.07913516,4,4,0.21349274,-0.280747698,4,4,0.74842603,-0.101718244,4,4,IPO9,14.74661714,0,15713.67806
LZTS1,0.153062764,0.300779934,5,5,0.063523381,0.328885883,5,5,0.054323757,0.507448243,5,5,LZTS1,2.955966487,0,8357.44832
KIF2A,0.013248097,-0.411869256,5,5,0.220162145,-0.271935271,5,5,0.019161364,-0.296542494,5,5,KIF2A,5.058296974,0,1626.238997
GNPTAB,0.148989596,-0.296427899,5,5,0.412742776,-0.154076383,5,5,0.144384555,-0.207248253,5,5,GNPTAB,7.237696715,0,17986.25227
FBXL13,0.634885191,0.163897736,5,5,0.240705043,0.251959801,5,5,0.253786205,0.253904627,5,5,FBXL13,5.907730071,0,8541.407876
GPR110,0.521973538,-0.100703592,5,5,0.57335652,0.178446877,5,5,0.963617703,0.052995073,5,5,GPR110,28.30451804,0,7568.857957
BLOC1S3,0.128156641,0.478680203,5,5,0.472011798,-0.166970209,5,5,0.801908103,0.133983815,5,5,BLOC1S3,11.19538207,0,6494.883384
MTFR1,0.103096539,0.530846991,5,5,0.306304824,-0.166211784,5,5,0.826821813,0.208379965,5,5,MTFR1,7.19838877,0,2298.758763
HNRNPLL,0.146164606,0.361542991,5,5,0.562857511,0.745283673,4,4,0.198384372,0.794738686,4,4,HNRNPLL,1.887412839,0,18578.62
RND1,0.354805855,-0.18246589,5,5,0.493998887,-0.049005399,5,5,0.305537131,-0.103537758,5,5,RND1,14.48746843,0,10397.77829
H2AFY2,0.914178025,-0.015205725,5,5,0.914455894,0.002160856,5,5,0.868500971,0.109338219,5,5,H2AFY2,13.71889915,0,17154.9526
PRKCZ,0.656947965,0.12746211,5,5,0.088140279,-0.297985493,5,5,0.401584047,-0.100111798,5,5,PRKCZ,14.98324903,0,9413.345379
TMED3,0.174440744,-0.284064042,5,5,0.530177652,0.161610967,5,5,0.697597285,-0.076748743,5,5,TMED3,19.54429403,0,19964.55866
NUP205,0.48677069,0.368929573,5,5,0.922782266,0.028507824,5,5,0.541382146,0.184141558,5,5,NUP205,8.145906966,0,12825.89187
SPINT4,0.444321893,-0.14012339,5,5,0.223655324,-0.309746191,5,5,0.201830211,-0.323318052,5,5,SPINT4,4.639394524,0,699.5056044
SMIM20,0.69760026,-0.15877756,5,5,0.166398262,-0.363916806,5,5,0.231984469,-0.287817276,5,5,SMIM20,5.211639902,0,2143.34144
SERF2,0.0348275,-0.834170245,5,5,0.394372883,-0.153029628,4,4,0.527705881,-0.080363486,4,4,SERF2,18.66519329,0,14473.19958
ERLEC1,0.103274601,0.794982348,5,5,0.730155657,0.543133626,5,5,0.353672209,0.55757752,5,5,ERLEC1,2.690208888,0,8263.953167
ASPG,0.130068005,-0.330035341,5,5,0.304759575,0.269165361,4,4,0.654657573,0.072600355,4,4,ASPG,20.661056,0,10821.90349
LACTBL1,0.154033354,0.468294179,5,5,0.097335778,-0.429238656,4,4,0.375817958,-0.100263535,4,4,LACTBL1,14.96057365,0,10868.60451
ZNF334,0.220558848,-0.155212133,5,5,0.307496728,-0.309257893,5,5,0.189576718,-0.229727988,5,5,ZNF334,6.529461269,0,10411.83427
FAM78A,0.892295787,0.02586878,3,3,0.297031951,0.337316272,3,3,0.25419966,0.181592526,3,3,FAM78A,8.260251856,0,5506.738596
ARHGEF9,0.377886015,-0.239187709,4,4,0.626522941,0.314812618,4,4,0.425550273,0.041079398,4,4,ARHGEF9,36.51465389,0,6997.77681
TADA2A,0.442569002,-0.222369656,5,5,0.328228345,0.1471248,5,5,0.967657828,0.041930402,5,5,TADA2A,35.77356592,0,3083.516722
ZBTB11,0.695421235,-0.125996702,5,5,0.584838616,0.140382379,5,5,0.993260281,-0.056566166,5,5,ZBTB11,26.51761832,0,16811.97806
SPA17,0.249232977,-0.241461215,5,5,0.106385454,-0.43079751,5,5,0.079279505,-0.320917726,5,5,SPA17,4.674095192,0,7092.395837
CXorf38,0.477848359,0.391240642,5,5,0.474600707,0.524428103,5,5,0.403958727,0.443008517,5,5,CXorf38,3.385939418,0,5139.180535
ACACA,0.351749384,0.082315197,5,5,0.710061535,-0.111292232,5,5,0.577757763,-0.022824441,5,5,ACACA,65.71902462,0,5449.838647
HEPHL1,0.255337592,-0.211072967,5,5,0.682144707,0.035177128,5,5,0.360286491,-0.065891203,5,5,HEPHL1,22.76479912,0,15003.78922
SPG11,0.221989613,0.652110656,5,5,0.95649765,0.242431508,5,5,0.248899254,0.229558319,5,5,SPG11,6.534287263,0,15346.16962
KCNT1,0.747791632,0.002533908,4,4,0.392228775,0.186047577,5,5,0.423204962,-0.084879263,3,3,KCNT1,17.67216098,0,7689.176261
PLXDC2,0.926543911,0.109236694,5,5,0.197384735,0.860293062,5,5,0.529700591,0.37350912,5,5,PLXDC2,4.015966196,0,5003.98266
DEAF1,0.474460664,0.112121406,5,5,0.084374181,0.447036545,5,5,0.123789915,0.33106256,5,5,DEAF1,4.530865707,0,19780.61177
FOXA1,0.171125389,-0.282597232,5,5,0.795389682,-0.023549743,5,5,0.391702236,-0.165748664,5,5,FOXA1,9.0498467,0,1776.299898
DFFA,0.573826164,-0.151264575,5,5,0.036913919,-0.364365366,5,5,0.124824273,-0.326382847,5,5,DFFA,4.595829756,0,674.4293451
RASGRP3,0.107713982,0.321445593,5,5,0.961847416,0.08411518,5,5,0.335563731,0.168302165,5,5,RASGRP3,8.912541321,0,13669.55788
HSPB3,0.014859978,0.375746997,5,5,0.843658383,-0.105196005,5,5,0.174639357,0.248806292,5,5,HSPB3,6.028786442,0,9259.405392
GJA4,0.00088324,0.995342158,5,5,0.053064356,1.257710775,5,5,0.002013361,1.099280349,5,5,GJA4,1.364529077,1,8889.588163
WFDC6,0.358319405,-0.103129077,5,5,0.440066872,0.223635347,5,5,0.97641414,0.087489543,5,5,WFDC6,17.14490611,0,3115.1197
WNT9A,0.068201531,0.630447137,5,5,0.102532516,0.585026889,5,5,0.056039203,0.607737013,5,5,WNT9A,2.468172858,0,3957.641349
SNTG1,0.675309501,-0.229202628,5,5,0.313905339,-0.294293923,5,5,0.460860574,-0.245237523,5,5,SNTG1,6.116519127,0,15939.97293
TP53RK,0.195781944,0.413737801,5,5,0.498248177,-0.07534781,5,5,0.626575773,0.107331554,5,5,TP53RK,13.97538696,0,11278.12052
DENND6B,0.678697252,-0.135175463,5,5,0.004856295,0.865915747,5,5,0.205435024,0.505170322,5,5,DENND6B,2.969295572,0,5751.972058
MROH7,0.132759292,-0.472882577,5,5,0.739956762,-0.270701343,5,5,0.210006549,-0.247646353,5,5,MROH7,6.057024389,0,17364.6374
FFAR1,0.630690007,0.077790365,5,5,0.491352959,0.156366275,5,5,0.428657015,0.077339912,5,5,FFAR1,19.39490182,0,4430.079745
FRK,0.186633016,0.312651893,5,5,0.019297221,0.682222141,5,5,0.028014245,0.482187601,5,5,FRK,3.11082242,0,14237.24692
C1orf86,0.993238567,0.030954135,4,4,0.040665053,1.203688723,4,4,0.463807572,0.711555424,4,4,C1orf86,2.108057854,0,15398.89139
CYB561D2,0.864289253,0.037763956,5,5,0.361206321,-0.241224832,5,5,0.594025917,-0.227068575,5,5,CYB561D2,6.605933912,0,12458.46581
TGFBRAP1,0.711353505,0.089968857,5,5,0.567655839,-0.16500693,5,5,0.86318554,0.039481593,5,5,TGFBRAP1,37.992388,0,19518.08462
ZBTB8B,0.069827262,0.298098077,4,4,0.945004114,-0.025323533,4,4,0.325642325,0.187439142,4,4,ZBTB8B,8.002597451,0,5347.559407
HGD,0.360968921,0.263644581,5,5,0.230760207,-0.196417655,5,5,0.828138139,-0.02439262,5,5,HGD,61.49400925,0,3804.32421
PCYT1A,0.162219974,-0.283752664,5,5,0.045606559,0.610156508,5,5,0.504028636,0.172802205,5,5,PCYT1A,8.680444789,0,9889.911789
KPNA3,0.657252338,0.14649742,5,5,0.105931624,0.746029576,5,5,0.1294557,0.408407047,5,5,KPNA3,3.672806361,0,13454.10825
PGBD2,0.56354729,0.020891225,5,5,0.916120447,-0.120355549,5,5,0.621197085,-0.049732162,5,5,PGBD2,30.16156828,0,15951.24353
KL,0.472382504,-0.103985663,5,5,0.302353952,0.171647404,5,5,0.790175148,0.091717858,5,5,KL,16.35450318,0,15640.18428
DNM2,0.44557638,0.205192464,5,5,0.700769302,-0.003573956,3,3,0.724517363,0.052325721,3,3,DNM2,28.66659018,0,6470.36041
NPTN,0.000438794,-1.244278921,5,5,0.673545309,-0.306644501,5,5,0.004035316,-0.800946265,5,5,NPTN,1.872784812,1,10554.74331
PUM1,0.450361793,0.16666787,5,5,0.720712477,0.016500973,5,5,0.885815988,0.119908473,5,5,PUM1,12.50954134,0,18584.27878
ABHD1,0.786306989,0.006662761,5,5,0.261491309,0.297284886,5,5,0.566267563,0.09393737,5,5,ABHD1,15.96808597,0,3752.102567
TIGD1,0.00013212,-1.253167139,5,5,0.000182509,-1.425145801,5,5,0.000120497,-1.291872604,5,5,TIGD1,1.161105201,1,9020.191583
SNAP91,0.488883067,-0.228982766,5,5,0.913790177,-0.307414997,5,5,0.696347749,-0.259844969,5,5,SNAP91,5.772672859,0,9348.036526
GOLGA8B,0.513526448,0.643615401,5,5,0.730786678,0.586266275,5,5,0.721490867,0.764956659,5,5,GOLGA8B,1.960895408,0,4177.146759
TMEM60,0.731209283,0.044048996,5,5,0.203282868,0.279883233,5,5,0.673383041,0.25545532,5,5,TMEM60,5.871868317,0,4762.401737
GCLM,0.205405978,0.508159297,5,5,0.954826236,-0.138408646,5,5,0.245105947,0.206620224,5,5,GCLM,7.259695934,0,11339.59194
PSMG1,0.266948718,-0.295194035,5,5,0.710061535,0.118273132,5,5,0.908539954,-0.238540015,5,5,PSMG1,6.288253147,0,12451.77149
TTC29,0.086498829,-0.253763953,4,4,0.47828866,-0.215780356,4,4,0.100526031,-0.243705506,4,4,TTC29,6.154969679,0,15119.15814
SLC30A1,0.4331226,0.30261289,5,5,0.953823486,0.167905269,5,5,0.669686871,0.236794253,5,5,SLC30A1,6.334613197,0,244.5994357
LATS2,0.180665985,0.181375462,5,5,0.441559372,0.206925066,5,5,0.229683129,0.173193882,5,5,LATS2,8.660814012,0,17939.76244
NAA60,0.759886834,-0.125001427,5,5,0.742175837,-0.128207588,5,5,0.430630587,-0.023017041,5,5,NAA60,65.16910666,0,19219.57255
NKIRAS2,0.7502887,-0.095872136,5,5,0.587147801,-0.22372783,5,5,0.431124803,-0.085865541,5,5,NKIRAS2,17.46917311,0,12889.42286
H2AFJ,0.88470716,-0.035053443,4,4,0.165254834,-0.211332981,4,4,0.275855527,-0.112948526,4,4,H2AFJ,13.28038579,0,11313.85639
SC5D,0.669166812,-0.04537756,5,5,0.592939153,0.269849398,5,5,0.815653045,0.112235919,5,5,SC5D,13.36470546,0,9311.89724
NFASC,0.796036514,0.293332593,5,5,0.120530017,-0.396477489,5,5,0.737361624,-0.24667528,5,5,NFASC,6.080868744,0,12645.33735
RPS7,0.004441652,1.255383832,5,5,0.496918189,0.867194435,5,5,0.0033589,0.980948622,5,5,RPS7,1.529132073,1,15983.86539
BSND,0.072982261,-0.390503763,5,5,0.564532073,0.126369805,5,5,0.359400128,-0.123905431,5,5,BSND,12.10600688,0,1046.380476
KERA,0.716063939,-0.081584005,5,5,0.925781881,-0.023652926,5,5,0.715175546,-0.0318827,5,5,KERA,47.04745834,0,3056.675085
SNTB2,0.516243534,0.488338594,5,5,0.773460279,0.212593801,5,5,0.628373111,0.34369955,5,5,SNTB2,4.364276881,0,13553.15701
PRDM9,0.272428392,0.198636786,5,5,0.507879724,0.222318818,5,5,0.295286941,0.158925286,5,5,PRDM9,9.438397361,0,19572.90285
LSM11,0.032471009,-0.54203686,5,5,0.000627611,-0.912225641,5,5,0.00135145,-0.721063751,5,5,LSM11,2.080259891,1,7343.45177
KCNH2,0.064894409,-0.250086742,5,5,0.846943247,0.084023841,5,5,0.297240029,-0.154614728,5,5,KCNH2,9.701533737,0,2660.940351
NLRP10,0.936918324,0.036125012,5,5,0.845628979,-0.024543991,5,5,0.779785545,-0.025151134,5,5,NLRP10,59.63945801,0,12410.05474
ARHGEF25,0.208130897,-0.462262362,5,5,0.672320267,-0.076548943,5,5,0.634982153,-0.109704186,5,5,ARHGEF25,13.67313368,0,7727.995648
ZNF169,0.122247834,0.376559043,5,5,0.207789953,-0.275404,5,5,0.900510203,0.050577522,5,5,ZNF169,29.65744348,0,3674.383369
TMEM218,0.690450064,-0.28642127,5,5,0.275834653,-0.32935326,5,5,0.49490737,-0.321594477,5,5,TMEM218,4.664259206,0,3830.787806
TPX2,0.209599559,-0.079518636,4,4,0.840376236,-1.387919632,5,5,0.134683646,-0.491462717,4,4,TPX2,3.052113514,0,4735.969206
SLC26A3,0.688589299,0.105729344,5,5,0.618134966,0.167610891,5,5,0.588774047,0.130386827,5,5,SLC26A3,11.50422964,0,11686.59805
ZMYND10,0.118527713,0.662954396,5,5,0.264892963,0.203492136,5,5,0.124202853,0.527446072,5,5,ZMYND10,2.843892636,0,16743.93374
ZNF182,0.136821272,0.380247725,5,5,0.85549621,-0.045541047,5,5,0.318472996,0.095451276,5,5,ZNF182,15.71482397,0,8841.161292
ZNF98,0.356559914,-0.106135445,5,5,0.442555981,-0.20369216,5,5,0.225452397,-0.118914829,5,5,ZNF98,12.61407019,0,6888.296761
C1orf27,0.838467583,-0.367580949,4,4,0.622868836,0.330215303,4,4,0.774336417,-0.01891923,4,4,C1orf27,79.28441062,0,16224.10301
ALDH5A1,0.081066848,0.34989964,5,5,0.537350148,-0.132198433,5,5,0.406819411,0.143020077,5,5,ALDH5A1,10.48803798,0,19740.694
ANKRD40,0.637588311,-0.028539318,5,5,0.977906062,-0.155165372,5,5,0.438078281,-0.113460177,5,5,ANKRD40,13.22049762,0,166.3557791
PRPF4,0.115869496,0.501991742,5,5,0.049594572,0.536606056,2,2,0.165904932,0.288823953,2,2,PRPF4,5.193475072,0,17301.77074
GRAMD1A,0.904166719,-0.081834597,5,5,0.179217597,-0.761337855,5,5,0.294897357,-0.442091496,5,5,GRAMD1A,3.3929628,0,7931.90564
ABCA13,0.598149583,0.130552303,5,5,0.075423118,-0.593039633,5,5,0.102684364,-0.37883266,5,5,ABCA13,3.959531895,0,15265.56558
TMEM158,0.398871625,0.133859465,5,5,0.060243338,0.624614101,5,5,0.066925685,0.391387504,5,5,TMEM158,3.832518884,0,18368.61657
BRWD1,0.843155186,0.040775008,5,5,0.640782475,0.055369046,5,5,0.750139741,0.058525363,5,5,BRWD1,25.62991365,0,10368.08353
C1orf54,0.432135076,-0.163837469,5,5,0.731733551,-0.145172585,5,5,0.376019373,-0.192155128,5,5,C1orf54,7.806192921,0,7219.571618
OR10S1,0.293175973,-0.674331014,5,5,0.374824441,-0.228452836,5,5,0.340675603,-0.316444336,5,5,OR10S1,4.740170164,0,2394.189682
MFHAS1,0.474980966,-0.233262189,5,5,0.439321682,-0.17805207,5,5,0.311960871,-0.183356379,5,5,MFHAS1,8.180789827,0,9041.221397
SLC2A7,0.637115184,0.072059442,4,4,0.587067885,-0.139522477,3,3,0.641284813,-0.033731517,3,3,SLC2A7,44.46879753,0,6726.231513
KHK,0.238838861,-0.278496163,5,5,0.856484203,-0.042122947,5,5,0.299201734,-0.152788152,5,5,KHK,9.81751517,0,692.8426328
HADH,0.125642209,0.469191616,5,5,0.725428849,-0.042880643,5,5,0.563982749,0.261926595,5,5,HADH,5.726795326,0,17631.1641
GPR39,0.811669317,-0.101831547,5,5,0.911793392,-0.070245363,5,5,0.63558443,-0.057211022,5,5,GPR39,26.21872408,0,9925.931655
S1PR2,0.679930779,-0.08550909,5,5,0.315521123,0.313967735,5,5,0.524733725,0.144014487,5,5,S1PR2,10.41561881,0,16518.39851
MB21D1,0.881734289,-0.02114381,4,4,0.640223149,-0.157002592,4,4,0.608312688,-0.093360858,4,4,MB21D1,16.06669039,0,14703.30429
ALOX5AP,0.315363931,0.338845234,5,5,0.026266516,0.449786269,5,5,0.072384052,0.467272722,5,5,ALOX5AP,3.210116768,0,13697.88899
ZNF550,0.974476627,-0.002141631,5,5,0.962516263,0.024511662,5,5,0.874487931,0.074104905,5,5,ZNF550,20.2415751,0,871.9074085
CLCC1,0.299209718,-0.227250329,5,5,0.353099325,0.572988303,5,5,0.990564502,0.121176711,5,5,CLCC1,12.37861622,0,8833.843254
FBXL7,0.293756289,-0.214434808,5,5,0.370100826,0.300712331,5,5,0.642830472,0.071436775,5,5,FBXL7,20.99758843,0,6832.484069
PLA2G4D,0.560991502,-0.134633076,5,5,0.894180721,0.13831544,5,5,0.760412023,-0.014607222,5,5,PLA2G4D,102.6889302,0,16462.3784
NPAS2,0.704777408,0.076997112,5,5,0.873313273,0.051540851,5,5,0.748858774,0.04411138,5,5,NPAS2,34.0048305,0,10821.91937
ASIC2,0.560707873,0.098441253,5,5,0.715066839,0.039792154,5,5,0.541382146,0.041059569,5,5,ASIC2,36.532288,0,19859.70556
TLR1,0.200774006,0.466885217,5,5,0.752347236,0.222862369,5,5,0.238986557,0.259594513,5,5,TLR1,5.778242316,0,17760.96508
EFNA3,0.240859055,0.288598588,5,5,0.105841044,-0.427528946,5,5,0.163132345,0.316006212,5,5,EFNA3,4.74674213,0,824.7308315
N4BP3,0.168117123,-0.287205878,5,5,0.865056075,0.001527826,5,5,0.370578098,-0.123480069,5,5,N4BP3,12.14770944,0,11365.67398
UNC119,0.060381274,-0.513756438,4,4,0.26225747,-0.518574765,4,4,0.070920402,-0.309750151,5,5,UNC119,4.842612651,0,19664.9269
TRIM3,0.770165723,0.332013114,5,5,0.024774079,0.614021339,5,5,0.10021695,0.501219769,5,5,TRIM3,2.992699197,0,5406.643466
CSTF1,0.130710021,-0.468998577,5,5,0.335967676,0.306644094,5,5,0.861193836,0.061372194,5,5,CSTF1,24.44103595,0,10663.68175
C8orf76,0.642707356,0.221966751,5,5,0.630011284,0.139463343,5,5,0.511063112,0.165930479,5,5,C8orf76,9.039930512,0,5074.977789
ANKRD16,0.678697253,0.016479807,5,5,0.144917415,0.332052443,5,5,0.403007848,0.187902394,5,5,ANKRD16,7.982867956,0,10033.42308
SMAD7,0.294143595,0.249818523,5,5,0.83185577,0.052092866,5,5,0.387048934,0.095274511,5,5,SMAD7,15.74398005,0,18912.31628
LMNA,0.35743899,-0.162198753,5,5,0.158821407,0.501226671,5,5,0.654982788,0.165436518,5,5,LMNA,9.066921972,0,3998.494244
CRKL,0.506497095,-0.080362836,5,5,0.745984946,-0.123731814,5,5,0.443586686,-0.061124675,5,5,CRKL,24.54000778,0,12809.0309
TNIK,0.495249729,-0.165547999,5,5,0.785048659,0.098637512,5,5,0.764275158,-0.02953363,5,5,TNIK,50.78955753,0,18620.79191
OC90,0.719525148,-0.118044969,5,5,0.643487251,-0.095048055,5,5,0.534135558,-0.065839721,5,5,OC90,22.78259958,0,6336.803675
MDP1,0.67377178,-0.104737428,5,5,0.665598151,-0.058681088,5,5,0.591689107,-0.081709258,5,5,MDP1,18.35777287,0,2319.686096
TMPRSS6,0.87655284,-0.134560226,5,5,0.18099,-0.259788904,5,5,0.339820178,-0.206782315,5,5,TMPRSS6,7.254005257,0,600.1879003
WFDC1,0.900166368,-0.158543522,5,5,0.406072194,0.340461533,5,5,0.441579066,0.16795913,5,5,WFDC1,8.930744045,0,2626.096449
ACP6,0.37621384,-0.474696883,5,5,0.521962556,0.111383351,5,5,0.641620411,-0.207551305,5,5,ACP6,7.227128733,0,16971.37941
RNF113B,0.150178903,0.215131244,5,5,0.963185136,-0.166294473,5,5,0.664771076,0.183674716,5,5,RNF113B,8.166611239,0,262.9509673
GRIK2,0.154155006,-0.623354947,5,5,0.965191908,0.009177461,5,5,0.228701829,-0.114252793,5,5,GRIK2,13.12878189,0,15469.87186
GSTCD,0.610802105,0.159345266,4,4,0.461277868,0.375012902,4,4,0.41682385,0.267179084,4,4,GSTCD,5.614211927,0,555.347524
ZMIZ2,0.256747405,0.193186049,5,5,0.072106746,0.471104865,5,5,0.074557061,0.397501136,5,5,ZMIZ2,3.773574121,0,213.4670475
FAM118B,0.619363231,0.069995978,5,5,0.779892216,0.079282561,5,5,0.608725647,0.045685465,5,5,FAM118B,32.83319979,0,13709.36777
DERL3,0.874230335,0.071046433,5,5,0.050538557,0.683470227,5,5,0.208474596,0.351737558,5,5,DERL3,4.264543168,0,765.8511028
ATXN10,0.020963644,0.922766656,5,5,0.623764033,0.13132042,5,5,0.084546436,0.596429713,5,5,ATXN10,2.514965246,0,5480.581566
DAZAP2,0.277239279,0.183136566,5,5,0.967867945,0.018859657,5,5,0.550367906,0.095006134,5,5,DAZAP2,15.78845425,0,6919.177482
C13orf35,0.653671789,0.035235309,4,4,0.550571709,-0.133343454,4,4,0.992085885,-0.038047179,4,4,C13orf35,39.42473633,0,6934.059105
DCAF8L1,0.33208073,0.546591545,5,5,0.239697184,0.243936742,5,5,0.19302039,0.376607174,5,5,DCAF8L1,3.982929969,0,2641.244688
LYRM4,0.783718007,-0.220342124,5,5,0.819438508,-0.497345715,5,5,0.81237512,-0.222759869,5,5,LYRM4,6.733708395,0,16280.66372
DCDC2,0.806123759,-0.039252601,5,5,0.91112792,0.093566626,5,5,0.68762423,0.017577579,5,5,DCDC2,85.33598398,0,19764.62589
ANXA7,0.222627639,-0.513542326,5,5,0.894180721,0.032501741,5,5,0.169073956,-0.273438718,5,5,ANXA7,5.48568985,0,3566.16019
SLC12A5,0.047956852,-0.896233569,5,5,0.253570833,-0.188116359,4,4,0.146251898,-0.608259799,5,5,SLC12A5,2.466051517,0,4662.622651
SYN1,0.254810302,-0.286433072,5,5,0.322038794,-0.241592319,5,5,0.137768374,-0.219654954,5,5,SYN1,6.828892191,0,7951.195382
DNAJC21,0.367198709,0.208926951,5,5,0.087516308,0.475884451,5,5,0.123583849,0.342405701,5,5,DNAJC21,4.380768181,0,3461.676474
RFC2,0.005239625,-0.610008287,5,5,0.48136822,0.22175686,5,5,0.137992559,-0.337946254,5,5,RFC2,4.438575609,0,12585.73528
SYDE1,0.173640735,0.313908053,5,5,0.453350456,0.233509203,5,5,0.26884624,0.335804091,5,5,SYDE1,4.46689019,0,9547.981524
OR13F1,0.258872217,-0.278851285,5,5,0.206882786,-0.216813909,5,5,0.125031951,-0.362162745,5,5,OR13F1,4.141784379,0,9447.464089
ZNF467,0.342252303,0.231977285,5,5,0.575072003,-0.111979962,5,5,0.81237512,0.081234378,5,5,ZNF467,18.46508876,0,13648.07933
LOC100130705,0.093015941,0.414002366,5,5,0.57016447,0.666794533,4,4,0.463231431,0.521987989,4,4,LOC100130705,2.873629339,0,3372.529521
SIPA1L3,0.239388975,-0.330432391,4,4,0.113033577,0.673842714,4,4,0.580839007,0.074722113,4,4,SIPA1L3,20.07437879,0,8492.214581
ATF6B,0.956020552,-0.006731665,5,5,0.925781881,0.013214593,5,5,0.888484896,-0.056459553,5,5,ATF6B,26.56769174,0,7106.408798
PGK1,0.767913693,0.003531209,5,5,0.013773996,1.0324381,5,5,0.054323757,0.526967377,5,5,PGK1,2.846476016,0,11759.82335
FBXO16,0.361854809,-0.151782851,5,5,0.762241981,0.07288714,5,5,0.391702236,-0.075801151,5,5,FBXO16,19.78861772,0,14459.74459
KRTAP29-1,0.67377178,-0.086796633,5,5,0.580807735,0.212946934,5,5,0.863849635,0.102323737,5,5,KRTAP29-1,14.65935514,0,1965.705591
TFIP11,0.061545021,-0.720977661,5,5,0.450071434,0.09042963,5,5,0.229355697,-0.263215416,5,5,TFIP11,5.698754362,0,4298.155728
TFF2,0.243741528,-0.3437407,5,5,0.575930652,0.130251456,5,5,0.462402588,-0.123342849,5,5,TFF2,12.16122387,0,7064.501009
OR10K2,0.416030131,-0.327183019,5,5,0.762241981,0.173509627,5,5,0.699473125,-0.128688915,5,5,OR10K2,11.65601559,0,11090.16829
ANO6,0.138449356,-0.347628608,4,4,0.792352473,-0.24516224,4,4,0.545138383,-0.2652686,4,4,ANO6,5.654645895,0,10310.86734
UGT3A1,0.389990107,-0.226867677,5,5,0.469946286,0.014723026,5,5,0.977087834,-0.042056693,5,5,UGT3A1,35.66614237,0,859.980607
RNASE13,0.829017938,-0.000563882,5,5,0.692952165,0.157922868,5,5,0.753986768,0.144283975,5,5,RNASE13,10.39616492,0,11758.72429
ZNF426,0.902166233,-0.164467754,5,5,0.604014219,-0.083029387,5,5,0.627773753,-0.077749021,5,5,ZNF426,19.29284743,0,140.6418178
IL1B,0.222148997,0.291516654,5,5,0.529078523,0.211790754,5,5,0.258739556,0.234673768,5,5,IL1B,6.391852028,0,602.9284259
JDP2,0.792789733,0.072147613,5,5,0.845628979,0.075554906,5,5,0.859203014,0.066842597,5,5,JDP2,22.44077979,0,5575.467696
CCDC74A,0.835258089,0.180302032,5,5,0.400876467,0.320700441,5,5,0.414990052,0.246178384,5,5,CCDC74A,6.093142605,0,13974.68605
C17orf51,0.186171176,0.337710888,4,4,0.867366646,-0.05952869,5,5,0.244300124,0.230162547,4,4,C17orf51,6.517133302,0,11476.80643
CDH4,0.165919267,-0.262968603,5,5,0.269415103,0.394802757,5,5,0.818277713,-0.023707863,5,5,CDH4,63.27014797,0,14168.62755
LGR4,0.67377178,-0.015137016,5,5,0.013142353,0.603072307,5,5,0.085463979,0.218583115,5,5,LGR4,6.862378185,0,7169.842715
OR2AT4,0.028480263,0.393267665,4,4,0.109869043,-0.630401132,4,4,0.877252139,-0.037734291,4,4,OR2AT4,39.75164129,0,6682.571612
MROH6,0.216869981,-0.207329667,4,4,0.325323496,0.21401324,4,4,0.761055467,-0.175859384,5,5,MROH6,8.529541989,0,4652.383464
DGAT2L6,0.784041499,0.161312854,5,5,0.0937543,-0.709584171,5,5,0.137992559,-0.264422385,5,5,DGAT2L6,5.672742117,0,12143.73384
STAM2,0.30078017,-0.096791905,5,5,0.380496138,-0.40950832,5,5,0.273999925,-0.303593326,5,5,STAM2,4.940820076,0,17051.78791
DISP1,0.758604908,-0.100522898,5,5,0.031682204,0.373766453,5,5,0.252383167,0.250492498,5,5,DISP1,5.988203287,0,9925.018114
FXR2,0.792789733,-0.092031328,5,5,0.699466936,-0.059457575,5,5,0.626575773,-0.068619524,5,5,FXR2,21.85966781,0,5709.521942
NLN,0.115479705,0.382904864,5,5,0.216708281,-0.37317947,5,5,0.889819826,0.043476944,5,5,NLN,34.50104497,0,13796.06622
KAZN,0.110411724,-0.629419678,5,5,0.966195378,0.262487528,5,5,0.284889028,-0.154142341,5,5,KAZN,9.731265208,0,1644.880809
GPR137C,0.947303458,0.08448686,5,5,0.27325442,-0.099582316,5,5,0.721490867,0.075902556,5,5,GPR137C,19.76218034,0,12453.14851
UGT1A9,0.460275103,-0.133728532,5,5,0.301371555,-0.328569037,5,5,0.213716445,-0.199729034,5,5,UGT1A9,7.51017501,0,13416.78058
HNRNPUL1,0.681165162,0.141989101,5,5,0.482414019,-0.078809169,5,5,0.843970682,0.074264586,5,5,HNRNPUL1,20.19805241,0,1278.914238
CYB561,0.696666086,-0.241509477,5,5,0.399936098,-0.016361222,5,5,0.639203147,-0.104834979,5,5,CYB561,14.30820146,0,4126.811703
MRPS9,0.196218704,-0.290643504,5,5,0.00024747,1.17594813,5,5,0.002418563,0.467413237,5,5,MRPS9,3.209151734,0,18865.90125
EIF4EBP1,0.217874358,-0.582809164,5,5,0.163462296,-0.410856643,5,5,0.100479033,-0.434931996,5,5,EIF4EBP1,3.448815019,0,16878.24557
OR2A42,0.403594621,0.279211626,5,5,0.914455894,0.09022524,5,5,0.619408659,0.142900598,5,5,OR2A42,10.49680702,0,10692.93079
RBKS,0.453652728,0.283954372,5,5,0.262562238,0.252441503,5,5,0.149564139,0.244539532,5,5,RBKS,6.133977553,0,19913.14958
KRTAP1-3,0.218346377,0.354690988,5,5,0.381408478,0.202991659,5,5,0.243395194,0.306326522,5,5,KRTAP1-3,4.896735647,0,17110.76047
KRT31,0.538245321,-0.180582396,5,5,0.860768089,0.027653137,5,5,0.779137477,-0.07646463,5,5,KRT31,19.61691307,0,6459.396844
FGF8,0.081360636,-0.352356617,5,5,0.573928078,-0.038848307,5,5,0.129242325,-0.21597756,5,5,FGF8,6.94516597,0,12509.95781
TBC1D20,0.496848286,0.131463109,5,5,0.217489806,0.333635158,5,5,0.206950759,0.216223141,5,5,TBC1D20,6.937277819,0,18587.48748
ACOT12,0.253058139,-0.215560471,5,5,0.398997056,0.300761494,5,5,0.9609248,0.110606741,5,5,ACOT12,13.56156041,0,19093.45841
FUT9,0.212576013,0.363438476,5,5,0.149128886,0.025376698,5,5,0.8149972,0.107034199,5,5,FUT9,14.01421241,0,3358.658807
PELO,0.058349276,1.92564184,4,4,0.232788805,0.3152313,2,2,0.190888762,0.349879969,2,2,PELO,4.287184557,0,1324.610319
PBX3,0.458231725,-0.328636527,5,5,0.194771825,0.191385966,5,5,0.936040565,0.047708215,5,5,PBX3,31.44112602,0,5796.980311
TFEC,0.9459629,-0.04214487,5,5,0.54596522,0.196348807,5,5,0.678942092,0.082082983,5,5,TFEC,18.27418967,0,3885.940905
COPS6,0.072847721,0.627403274,5,5,0.040344053,1.264522778,5,5,0.007245858,0.814921526,5,5,COPS6,1.84066803,1,17938.75811
EPN3,0.054265968,0.423798055,5,5,0.129826108,0.267153196,5,5,0.142305698,0.277133155,5,5,EPN3,5.412560615,0,1996.068823
FANCI,0.050184781,-0.515096467,5,5,0.791507478,-0.034695056,5,5,0.070788554,-0.311768651,5,5,FANCI,4.811259872,0,10210.65842
UGT1A10,0.795062106,-0.076516652,5,5,0.194627411,0.281558441,5,5,0.452685235,0.096408625,5,5,UGT1A10,15.55877392,0,19950.16648
CLPTM1L,0.006340819,-0.702202616,5,5,0.011757788,-0.846282315,5,5,0.002142949,-0.729902983,5,5,CLPTM1L,2.055067639,1,8480.307122
NADK,0.052345233,0.532468878,5,5,0.452087701,-0.242456619,5,5,0.416441932,0.078009438,5,5,NADK,19.22844259,0,14765.88824
ERCC1,0.495782275,0.193954535,5,5,0.099737895,-0.390100456,5,5,0.562842009,-0.101522277,5,5,ERCC1,14.77508232,0,10324.7366
FOXJ3,0.517877344,0.258302426,5,5,0.229131542,-0.291545933,5,5,0.665384768,-0.056143906,5,5,FOXJ3,26.71705813,0,8701.149526
G3BP1,0.000670183,-1.18880768,5,5,0.00020303,-1.310860608,5,5,0.000142052,-1.187681762,5,5,G3BP1,1.262964582,1,2264.643002
NRARP,0.769522087,0.057957603,5,5,0.527980555,-0.160447789,5,5,0.733542119,-0.082433456,5,5,NRARP,18.19649536,0,18064.03992
RNF130,0.795062106,-0.025285238,5,5,0.413700989,-0.151793168,5,5,0.426197463,-0.12043438,5,5,RNF130,12.45491528,0,14073.5346
KIAA0895L,0.57096204,-0.207783224,5,5,0.963854034,-0.444039819,5,5,0.680799016,-0.307299648,5,5,KIAA0895L,4.881229151,0,6860.065092
SUN3,0.560991502,-0.126292668,5,5,0.226220595,-0.337639947,5,5,0.262318428,-0.171202259,5,5,SUN3,8.761566633,0,6051.91429
FBP1,0.876220988,-0.020897389,5,5,0.914455894,-0.001035965,5,5,0.979782767,0.025179348,5,5,FBP1,59.57263071,0,4803.60173
PAK3,0.214746304,0.527758249,5,5,0.350278455,0.397066024,5,5,0.169335921,0.36757531,5,5,PAK3,4.080796395,0,9206.335246
ZBTB18,0.303937523,0.120926846,5,5,0.160315505,0.506395758,5,5,0.271782995,0.273885596,5,5,ZBTB18,5.476739273,0,9338.036697
PCDHB13,0.08480169,0.343077091,5,5,0.494263898,-0.150723976,5,5,0.621197085,0.075679769,5,5,PCDHB13,19.82035648,0,9121.664249
ZCCHC18,0.759233716,0.266004917,4,4,0.0297682,0.519154337,4,4,0.201034136,0.322627296,4,4,ZCCHC18,4.649327625,0,13541.17837
FBXO28,0.678389006,-0.015714554,5,5,0.25303256,0.474331429,5,5,0.288710856,0.25381305,5,5,FBXO28,5.909861609,0,9909.324482
OAZ2,0.323548828,0.201793153,5,5,0.858460864,-0.026516843,5,5,0.627773753,0.102323535,5,5,OAZ2,14.65938408,0,6411.278748
TRIM55,0.07244532,0.366632221,5,5,0.824988201,-0.019592873,5,5,0.412095282,0.122929824,5,5,TRIM55,12.20208369,0,1948.263729
IQGAP3,0.375079536,-0.212753642,5,5,0.629117184,0.068768427,5,5,0.531915732,-0.186766361,5,5,IQGAP3,8.031424888,0,15201.99953
GGPS1,0.02013655,0.439546189,5,5,0.299217771,0.138062077,5,5,0.021488104,0.29229961,5,5,GGPS1,5.131720839,0,3178.10619
DIP2C,0.32582373,-0.110392117,5,5,0.536796691,-0.07836313,5,5,0.27474164,-0.075203529,5,5,DIP2C,19.94587249,0,3843.442666
ADAMTS8,0.990595265,0.037616573,5,5,0.602844055,0.317954291,5,5,0.514872041,0.085708764,5,5,ADAMTS8,17.50112742,0,17202.45484
UBE2R2,0.209197635,-0.290853331,5,5,0.057434576,-0.214077895,5,5,0.046390518,-0.343311203,5,5,UBE2R2,4.369213666,0,4452.709066
TXNDC5,0.686730416,0.136162235,5,5,0.955829062,0.054384831,5,5,0.740549512,0.006621021,5,5,TXNDC5,226.5511618,0,3974.100926
UMOD,0.168637428,0.385309022,5,5,0.40654652,0.352379402,5,5,0.559426486,0.088614821,5,5,UMOD,16.92719099,0,15987.74866
C1orf167,0.489941107,-0.598857948,5,5,0.516522419,0.294618027,5,5,0.458296952,-0.078481653,5,5,C1orf167,19.11274728,0,15808.58732
FLJ45513,0.395707009,0.146586685,4,4,0.804674462,-0.098402184,4,4,0.88694349,0.024092251,4,4,FLJ45513,62.26068291,0,15.93111458
FBRS,0.220083398,0.054095627,5,5,0.576217004,0.064711988,5,5,0.201531905,0.022504862,5,5,FBRS,66.65226385,0,4527.095533
PAXIP1,0.755723004,0.214161849,5,5,0.940461065,0.184768868,5,5,0.796035861,-0.009139687,5,5,PAXIP1,164.1194058,0,13774.78098
SEH1L,0.514612401,-0.287445336,5,5,0.681529077,0.177993373,5,5,0.98921665,-0.080982861,5,5,SEH1L,18.52243773,0,19066.87225
SNX8,0.726780761,-0.13801058,5,5,0.663160357,0.0696891,5,5,0.966984413,-0.050177142,5,5,SNX8,29.89409002,0,19390.47117
DAPK1,0.399577946,0.211492669,5,5,0.998995602,-0.033557023,5,5,0.559995041,0.130568054,5,5,DAPK1,11.4882619,0,10968.85464
AKIRIN2,0.03500907,-1.034993486,5,5,0.298827279,-0.457081876,5,5,0.018478287,-0.703568698,5,5,AKIRIN2,2.13198797,0,14409.72233
LRRC34,0.132434079,0.338809667,5,5,0.25512916,0.151240586,5,5,0.070788554,0.37387361,5,5,LRRC34,4.012051024,0,10183.4985
GRIN1,0.995297551,0.002892889,5,5,0.875297091,-0.195810642,5,5,0.765564179,-0.114177673,5,5,GRIN1,13.13741961,0,6606.525878
TOR1A,0.871908913,-0.067037962,5,5,0.037718289,0.412636024,5,5,0.225452397,0.365102305,5,5,TOR1A,4.108437497,0,618.2323132
KIF27,0.220558848,0.1971267,5,5,0.651629853,-0.125050339,5,5,0.601061543,0.10619992,5,5,KIF27,14.12430443,0,18601.07382
MPPE1,0.275196885,0.427299932,5,5,0.796684881,-0.250807302,5,5,0.592272913,0.161632758,5,5,MPPE1,9.280297005,0,18103.9997
ZFP69,0.71355035,-0.118064858,5,5,0.785693883,-0.077607102,5,5,0.67832355,-0.082146137,5,5,ZFP69,18.26014046,0,15218.23424
PSMG4,0.370788486,-0.086274889,5,5,0.56311492,-0.095227197,5,5,0.293342468,-0.036356337,5,5,PSMG4,41.25828188,0,19283.67007
TTPAL,0.049546524,0.439118048,5,5,0.54708181,-0.207305393,5,5,0.425706542,0.057042051,5,5,TTPAL,26.29638966,0,10141.43373
C12orf42,0.273349098,-0.103417704,5,5,0.98928674,-0.082243154,5,5,0.436582844,-0.193208256,5,5,C12orf42,7.763643392,0,15981.36882
IKBKB,0.495249729,-0.038068265,5,5,0.478759133,0.082320307,5,5,0.270311883,-0.023300921,5,5,IKBKB,64.37513779,0,1815.936807
CBR1,0.240690247,-0.21842456,5,5,0.364525931,-0.208006187,5,5,0.117525504,-0.23653959,5,5,CBR1,6.341433161,0,10425.46653
TKT,0.650266228,-0.10737753,5,5,0.336178464,-0.051785173,5,5,0.732906172,-0.044471592,5,5,TKT,33.72939741,0,13276.1356
FAM72B,0.708532514,-0.066876933,5,5,0.416583516,-0.173479186,5,5,0.382429507,-0.106988469,5,5,FAM72B,14.02020249,0,215.7119597
GPR143,0.142118549,-0.806000387,5,5,0.048734367,0.746773564,4,4,0.562852109,0.198074572,4,4,GPR143,7.572905421,0,11020.32926
FST,0.616397312,0.305884291,5,5,0.692642499,-0.181786803,5,5,0.968331265,0.170197014,5,5,FST,8.813315608,0,15379.46573
ASPH,0.444071238,-0.003423991,5,5,0.284240568,-0.350611502,5,5,0.98786883,-0.122738037,5,5,ASPH,12.22115032,0,15574.26777
C9orf72,0.515971492,-0.128814268,5,5,0.401582588,-0.236753898,5,5,0.345405068,-0.341363115,5,5,C9orf72,4.394147856,0,6786.946948
KCND3,0.377805418,0.273830012,5,5,0.396421543,-0.2111034,5,5,0.893158511,0.090125253,5,5,KCND3,16.6435039,0,9891.301401
FAM131C,0.039454009,-0.525599986,5,5,0.340412097,-0.337833192,5,5,0.041606276,-0.371237371,5,5,FAM131C,4.04054149,0,11054.89945
POGLUT1,0.385364308,-0.333267331,5,5,0.613412006,-0.096239845,5,5,0.333870806,-0.160273745,5,5,POGLUT1,9.35898765,0,10233.20158
PPP3R1,0.679930779,0.068042039,5,5,0.999330401,-0.030596225,5,5,0.822875769,0.078149979,5,5,PPP3R1,19.19386312,0,16158.49199
CDCA2,0.855690931,0.062458341,5,5,0.25373009,-0.602890264,5,5,0.258027862,-0.104494261,5,5,CDCA2,14.35485534,0,10101.39017
ALX3,0.946298025,-0.002056677,5,5,0.394554761,-0.23248893,5,5,0.482181967,-0.120424097,5,5,ALX3,12.45597881,0,5608.518507
CTDSP1,0.069033534,0.374387999,5,5,0.316939408,0.201749977,5,5,0.070132331,0.303783587,5,5,CTDSP1,4.937725618,0,8073.273479
CDK5RAP3,0.547175935,0.112886872,5,5,0.007098015,0.528848634,5,5,0.026714082,0.346659834,5,5,CDK5RAP3,4.327008361,0,1234.522636
GKAP1,0.480725171,0.088048185,5,5,0.477197395,0.164991992,5,5,0.284889028,0.063975421,5,5,GKAP1,23.44650456,0,2930.63878
MVK,0.353930872,-0.238253642,5,5,0.570502787,0.031540595,5,5,0.523083419,-0.158401705,5,5,MVK,9.46959504,0,13808.15176
NLRP3,0.851728182,-0.016027023,5,5,0.526609729,-0.13085408,5,5,0.746298919,-0.082363983,5,5,NLRP3,18.21184388,0,10690.39412
EFCAB6,0.497381748,-0.200024864,5,5,0.091314131,-0.496376243,5,5,0.10021695,-0.321952259,5,5,EFCAB6,4.659075866,0,2579.813811
ZMAT5,0.036983905,-0.438987546,5,5,0.29032254,0.465512197,5,5,0.63137357,0.028476873,5,5,ZMAT5,52.67432277,0,17513.43039
IFI16,0.13950691,0.44581581,5,5,0.495590095,0.076390316,5,5,0.205132847,0.296923153,5,5,IFI16,5.051812177,0,7181.362131
SGSM2,0.683018337,-0.216485291,5,5,0.934786888,0.001734629,5,5,0.905862291,-0.292615768,5,5,SGSM2,5.126176249,0,3352.615364
RPL15,0.000259803,1.210907487,5,5,0.195929967,0.383515034,5,5,0.000714634,0.866033292,5,5,RPL15,1.732035031,1,19707.79015
TGM3,0.597565031,-0.038182297,5,5,0.284996063,0.294949549,5,5,0.688867937,0.09202521,5,5,TGM3,16.2998813,0,9362.959874
GAREM,0.774331438,-0.281404263,4,4,0.430209866,-0.515642571,4,4,0.573097424,-0.398523417,4,4,GAREM,3.763894256,0,1285.341613
TEKT1,0.982199246,0.128756032,5,5,0.725114097,-0.118905047,5,5,0.720858472,0.023719689,5,5,TEKT1,63.23860317,0,15662.97063
STON1,0.219925079,0.247944439,5,5,0.055053762,0.369431208,5,5,0.054642023,0.37363497,5,5,STON1,4.014613514,0,11496.01406
PROKR2,0.479154833,-0.22255082,5,5,0.445803829,0.208390696,5,5,0.816965122,-0.066468757,5,5,PROKR2,22.56699339,0,9357.868991
PCDHGA9,0.069355747,0.969772118,5,5,0.654050532,0.643827695,5,5,0.040025428,0.76633848,5,5,PCDHGA9,1.957359625,0,14694.61192
COL7A1,0.019425407,0.635767221,5,5,0.050538557,0.529495372,5,5,0.002094966,0.424235853,5,5,COL7A1,3.535769053,0,18390.25572
NCKAP1,0.787926296,0.125307982,5,5,0.900156977,0.065660723,5,5,0.591105565,0.102280173,5,5,NCKAP1,14.66559897,0,2476.273293
CDK18,0.074270556,-0.253428622,5,5,0.700710374,0.043676184,5,5,0.163387359,-0.1033864,5,5,CDK18,14.50867812,0,17090.77566
ZNF852,0.161462434,0.262550996,5,5,0.851546515,0.229107879,5,5,0.447112537,0.269147658,5,5,ZNF852,5.573148996,0,14411.70521
CCL4L1,0.344084271,-0.253138449,1,1,0.414660516,0.152932843,5,5,0.300989236,-0.222424597,1,1,CCL4L1,6.743858459,0,14580.26522
MPP5,0.189457478,0.247220023,5,5,0.234372186,0.046491497,5,5,0.181165986,0.10644852,5,5,MPP5,14.09131851,0,13937.94545
PSMB8,0.054795066,0.453805541,5,5,0.7144405,-0.155997885,5,5,0.382889923,0.158557786,5,5,PSMB8,9.460273367,0,7527.657178
SLC35F4,0.542074562,0.121158819,4,4,0.406997315,0.354852483,4,4,0.406065575,0.273229577,4,4,SLC35F4,5.48988882,0,8353.81716
PCDH1,0.140978477,0.554441456,5,5,0.705380392,-0.052148061,5,5,0.79799201,0.30237479,5,5,PCDH1,4.960731019,0,10989.21867
CAPZA2,0.201813214,-0.126775576,5,5,0.173712262,-0.539773923,5,5,0.107210429,-0.411942468,5,5,CAPZA2,3.641285171,0,12704.08229
SLC10A5,0.374173616,0.286657471,5,5,0.831201153,-0.048849697,5,5,0.898504322,0.226589852,5,5,SLC10A5,6.619890462,0,18081.43943
MFSD9,0.274641656,-0.691800505,5,5,0.688930524,-0.09367816,5,5,0.218736205,-0.34610578,5,5,MFSD9,4.333935134,0,4611.259814
ACY3,0.349142865,-0.194639945,5,5,0.494528985,-0.109002107,5,5,0.903382063,0.021374422,4,4,ACY3,70.17733626,0,9204.215668
CBFB,0.149226876,0.825625508,5,5,0.848915446,-0.075341533,5,5,0.38059124,0.471943446,5,5,CBFB,3.178346924,0,8717.051042
FERMT2,0.286462475,0.240231221,5,5,0.779892216,-0.116966074,5,5,0.624780651,0.066757756,5,5,FERMT2,22.4692993,0,1634.728895
EEA1,0.929889218,0.055693325,5,5,0.215773122,-0.323995724,5,5,0.340675603,-0.140642267,5,5,EEA1,10.66535709,0,18950.26682
CHAT,0.857012662,0.110167533,5,5,0.163843018,-0.440557083,5,5,0.221596763,0.207371194,5,5,CHAT,7.233405812,0,18221.77115
BNIPL,0.139732532,0.337745358,5,5,0.203730347,0.559053923,5,5,0.045289123,0.486880569,5,5,BNIPL,3.080837675,0,699.5425278
MYO5C,0.026118642,0.346141373,5,5,0.805766774,-0.003896273,5,5,0.209699508,0.278654331,5,5,MYO5C,5.383013408,0,5532.788515
CAMKV,0.847109709,-0.233466223,5,5,0.887547489,0.017900767,5,5,0.897167428,-0.107782728,5,5,CAMKV,13.91688657,0,15907.84933
BCS1L,0.780808262,-0.331674623,5,5,0.000976239,0.810778016,5,5,0.094254959,0.497306697,5,5,BCS1L,3.016247336,0,4689.892359
CCL2,0.229732675,0.394683074,5,5,0.650118788,-0.237946245,5,5,0.950157949,0.212905979,5,5,CCL2,7.045363437,0,8156.053091
IL12RB2,0.09516627,-0.501015977,5,5,0.393390728,0.179973872,5,5,0.448122843,-0.143307327,5,5,IL12RB2,10.46701541,0,7245.343344
CCL26,0.749218916,0.06256226,4,4,0.909957146,0.107096261,4,4,0.859409717,0.074365961,4,4,CCL26,20.17051861,0,14304.22795
SIGLEC5,0.342894573,0.412079909,5,5,0.759365227,0.174867682,5,5,0.550367906,0.293473795,5,5,SIGLEC5,5.111188888,0,15823.76906
UNC5D,0.225676186,0.330802089,5,5,0.449316649,-0.036106246,5,5,0.965637655,0.143675544,5,5,UNC5D,10.44019016,0,9239.068221
ZSWIM5,0.071439729,-0.631236297,4,4,0.096392147,0.534945443,4,4,0.682162173,-0.051318888,4,4,ZSWIM5,29.22900434,0,13699.84604
SPRR2A,0.090263006,0.57520139,5,5,0.684917655,0.116515332,5,5,0.1498029,0.234297558,5,5,SPRR2A,6.402115382,0,11829.95782
ACBD4,0.36630466,0.636223021,5,5,0.099823805,0.637859475,4,4,0.567323549,0.051382137,4,4,ACBD4,29.19302481,0,14664.20814
SAA4,0.646935831,0.050775008,5,5,0.970544344,0.006457618,5,5,0.788224193,0.019249465,5,5,SAA4,77.92424361,0,17578.79441
TMEM234,0.415065596,0.293327343,5,5,0.680913659,-0.279626387,5,5,0.929324788,0.136398812,5,5,TMEM234,10.99716323,0,12339.10119
IQCF3,0.201813214,-0.233925403,5,5,0.31471255,-0.250988644,5,5,0.142765669,-0.303263615,5,5,IQCF3,4.946191781,0,17747.71342
OR2M4,0.9926105,0.173101308,5,5,0.198847391,-0.126555982,5,5,0.520338842,-0.120036588,5,5,OR2M4,12.49618991,0,15802.83445
SCN1B,0.420629704,0.191025578,5,5,0.158573419,0.446525752,5,5,0.132254529,0.274015844,5,5,SCN1B,5.474136014,0,11047.40261
STRADA,0.723307581,0.282773215,5,5,0.085055979,0.702690232,5,5,0.492241531,0.472670197,5,5,STRADA,3.173460077,0,1446.868639
ZDHHC24,0.084953931,0.407516019,5,5,0.774745439,0.06790512,5,5,0.18199438,0.262343748,5,5,ZDHHC24,5.717689144,0,5079.046963
PPAP2C,0.96944138,0.033300611,5,5,0.126042996,0.280634475,5,5,0.253786205,0.180846055,5,5,PPAP2C,8.294347366,0,5559.649385
IMMP1L,0.616397294,-0.01391259,5,5,0.732049267,0.072563657,5,5,0.961597985,0.027842845,5,5,IMMP1L,53.87380492,0,16868.62605
STX12,0.95400841,0.10661638,5,5,0.160315503,0.392321932,5,5,0.336837045,0.181770167,5,5,STX12,8.252179248,0,9370.830225
SLC2A11,0.735012322,-0.257547692,5,5,0.285942339,-0.938801973,5,5,0.751421398,-0.687903656,5,5,SLC2A11,2.18053791,0,7361.598754
SP3,0.247679845,0.248726042,5,5,0.262562238,0.200978897,5,5,0.127123574,0.351040681,5,5,SP3,4.273009031,0,14330.74848
MMS19,0.120829631,-0.535059373,5,5,0.158325724,-0.230906791,5,5,0.129029223,-0.476860987,5,5,MMS19,3.145570808,0,17010.37285
TGDS,0.683945642,-0.088595798,5,5,0.929116022,-0.051995524,5,5,0.718330801,0.082674793,5,5,TGDS,18.14337775,0,8274.868995
PIK3R3,0.845791101,-0.036373377,5,5,0.949813225,0.230702728,5,5,0.862521541,0.163640817,5,5,PIK3R3,9.166417203,0,7709.936769
NR1I3,0.106156977,-0.509731403,5,5,0.015013513,-0.704572241,5,5,0.020640239,-0.589179568,5,5,NR1I3,2.545913133,0,18429.8177
MAOA,0.066972081,0.494144684,4,4,0.034793899,0.435244805,4,4,0.013842003,0.464694745,4,4,MAOA,3.227925463,0,15419.75739
FGFR1,0.874893798,0.000700308,5,5,0.473564208,0.161812487,5,5,0.5742992,0.139692906,5,5,FGFR1,10.73783947,0,15524.4937
MAP9,0.103007599,-0.156408465,5,5,0.365192134,-0.150475804,5,5,0.124409724,-0.126909114,5,5,MAP9,11.81948209,0,5446.900063
KMT2D,0.346117475,-0.385745893,5,5,0.489769063,-0.14740552,5,5,0.149564139,-0.15215005,5,5,KMT2D,9.85868884,0,10986.7906
OR2T27,0.428197948,-0.145382607,3,3,0.806490699,0.463880959,4,4,0.213951807,-0.148073939,3,3,OR2T27,10.13007427,0,10787.63604
GNB2L1,0.018949317,-2.221679806,5,5,0.045651977,-0.87981144,5,5,0.019732515,-1.550745623,5,5,GNB2L1,0.96727663,1,15192.11425
POC5,0.901832879,-0.199565885,5,5,0.989956282,0.097479085,5,5,0.728459702,0.170920993,5,5,POC5,8.775984586,0,4540.332228
SCN3A,0.018715605,0.578656502,4,4,0.121238773,-0.285854215,3,3,0.773306518,0.049997162,3,3,SCN3A,30.0017029,0,12446.49136
TMSB4Y,0.133847803,-0.38894267,5,5,0.313300825,-0.229073978,5,5,0.07211611,-0.243399959,5,5,TMSB4Y,6.16269619,0,1847.090026
GPX2,0.272969852,-0.172143621,3,3,0.535221728,-0.166424726,3,3,0.265270009,-0.169284174,3,3,GPX2,8.860840116,0,10026.19883
TFAM,0.567949678,0.256263608,4,4,0.221745071,0.20057581,5,5,0.061094869,0.451774859,4,4,TFAM,3.32023788,0,4424.329506
ZIM3,0.276309642,0.213936996,5,5,0.815200704,0.078561645,5,5,0.407297364,0.134258763,5,5,ZIM3,11.17245509,0,15530.2582
FBXO38,0.070460521,0.371038908,5,5,0.851217541,0.026982105,5,5,0.19945276,0.213700588,5,5,FBXO38,7.019166461,0,11002.52819
CLEC19A,0.568961198,-0.050815415,5,5,0.321219314,0.224572922,5,5,0.642225323,-0.038032651,5,5,CLEC19A,39.43979608,0,8732.634973
OR10G3,0.42477031,0.465684896,5,5,0.61518125,0.55971754,5,5,0.40873323,0.488887405,5,5,OR10G3,3.068191131,0,8943.85233
NDE1,0.309515685,-0.465846315,5,5,0.470462195,0.150294126,5,5,0.487992257,0.202685299,5,5,NDE1,7.400635406,0,1523.633403
SRRM2,0.064346199,-0.608167325,5,5,0.00533295,-0.574046938,5,5,0.007282571,-0.578028883,5,5,SRRM2,2.595026034,0,19447.23343
HSD3B7,0.939597403,-0.111902005,5,5,0.383924326,-0.191397793,5,5,0.458296952,-0.060533658,5,5,HSD3B7,24.77960278,0,19336.38666
TMEM222,0.425419052,-0.326050771,4,4,0.284654581,-0.210403324,4,4,0.171201147,-0.262139402,4,4,TMEM222,5.722146265,0,3150.955185
NPFFR2,0.274456749,0.408489711,5,5,0.820743516,0.061845555,5,5,0.365633447,0.213471094,5,5,NPFFR2,7.026712478,0,4649.306165