Name,Screening
TPTE2,1
TARS2,1
CAD,1
ZEB2,1
MRPL33,1
TIPIN,1
VCAM1,1
ETNK1,1
TSSC1,1
GAPVD1,1
ZC3H13,1
GTF2E1,1
COL4A2,1
MVB12B,1
METTL3,1
RBM15,1
HMGA1,1
CDK7,1
TXNDC8,1
C14orf166,1
ERCC2,1
HNRNPK,1
BTAF1,1
RBM25,1
SNRPD1,1
RBMX2,1
POLR2F,1
PYROXD1,1
CWC15,1
FNBP4,1
ELP4,1
MCM6,1
TFDP2,1
URM1,1
TCEB1,1
GCN1L1,1
SF3B1,1
MANBAL,1
CABIN1,1
METTL14,1
pseudo,1
SYF2,1
USP37,1
GTF2H4,1
C16orf80,1
DDIT4,1
CBLN3,1
SRSF11,1
pseudo,1
LSM11,1
UBE2T,1
pseudo,1
CLPTM1L,1
ZNF259,1
TMPRSS11F,1
NFYC,1
SLC2A1,1
ASCC3,1
TXNL4A,1
SNRNP40,1
NDUFA2,1
C18orf56,1
CTR9,1
pseudo,1
CCNA2,1
KTI12,1
GPN2,1
GEMIN2,1
LOC100652758,1
TRAIP,1
PAXBP1,1
FAM117A,1
TIMELESS,1
CNOT4,1
EDF1,1
SPI1,1
ERH,1
RRM2,1
PHAX,1
CPSF2,1
NPTN,1
PBRM1,1
C11orf85,1
DDX19A,1
EPC2,1
CPSF6,1
PRMT7,1
MCM10,1
CNOT10,1
NIPBL,1
ORC2,1
RAD51,1
pseudo,1
GPR139,1
NSD1,1
LUC7L3,1
XPO1,1
MCM3,1
SLBP,1
pseudo,1
pseudo,1
PCNXL3,1
CDK6,1
SF3B5,1
MIA,1
SLC44A5,1
CDC25B,1
TYMS,1
CCND3,1
SLC13A2,1
CNOT11,1
INTS8,1
CCDC88C,1
RBM42,1
IQCJ,1
HUS1,1
GINS4,1
REXO2,1
RANBP3,1
IKBKAP,1
CDC73,1
SMU1,1
GTF2F2,1
E2F3,1
BCAS2,1
NUDT21,1
DDX6,1
SPEN,1
CHAF1A,1
pseudo,1
CDC5L,1
RFC1,1
pseudo,1
MNAT1,1
ABCC10,1
HCN1,1
ACD,1
CHTF18,1
ELP3,1
CUL2,1
LEO1,1
NAA20,1
G3BP1,1
PTBP1,1
NPAT,1
TIGD1,1
CLNS1A,1
RQCD1,1
ENPP5,1
DYNLL1,1
GNB2L1,1
SPACA7,1
NRDE2,1
POLD3,1
LSM10,1
GIGYF2,1
CHAF1B,1
EIF4E2,1
CASP8AP2,1